onset	duration	sample	value
4.448	n/a	2224	245
5.626	n/a	2813	99
6.636	n/a	3318	150
7.656	n/a	3828	151
8.176	n/a	4088	13
8.786	n/a	4393	99
9.598	n/a	4799	150
10.618	n/a	5309	151
11.138	n/a	5569	11
11.594	n/a	5797	88
12.41	n/a	6205	150
13.43	n/a	6715	151
13.95	n/a	6975	21
14.414	n/a	7207	88
15.222	n/a	7611	150
16.242	n/a	8121	151
16.764	n/a	8382	12
17.17	n/a	8585	99
17.984	n/a	8992	150
19.004	n/a	9502	151
19.524	n/a	9762	21
19.986	n/a	9993	88
20.796	n/a	10398	150
21.816	n/a	10908	151
22.338	n/a	11169	22
22.898	n/a	11449	88
23.708	n/a	11854	150
24.728	n/a	12364	151
25.25	n/a	12625	12
25.798	n/a	12899	88
26.61	n/a	13305	150
27.63	n/a	13815	151
28.152	n/a	14076	21
28.682	n/a	14341	88
29.492	n/a	14746	150
30.512	n/a	15256	151
31.034	n/a	15517	22
31.518	n/a	15759	88
32.334	n/a	16167	150
33.354	n/a	16677	151
33.876	n/a	16938	22
34.29	n/a	17145	88
35.106	n/a	17553	150
36.126	n/a	18063	151
36.648	n/a	18324	11
37.102	n/a	18551	99
37.918	n/a	18959	150
38.938	n/a	19469	151
39.46	n/a	19730	23
39.87	n/a	19935	88
40.68	n/a	20340	149
43.702	n/a	21851	150
44.724	n/a	22362	151
45.244	n/a	22622	22
45.714	n/a	22857	88
46.524	n/a	23262	150
47.546	n/a	23773	151
48.066	n/a	24033	21
48.498	n/a	24249	88
49.306	n/a	24653	150
50.328	n/a	25164	151
50.848	n/a	25424	12
51.318	n/a	25659	99
52.128	n/a	26064	150
53.15	n/a	26575	151
53.67	n/a	26835	13
54.222	n/a	27111	99
55.03	n/a	27515	150
56.052	n/a	28026	151
56.572	n/a	28286	12
57.134	n/a	28567	99
57.942	n/a	28971	150
58.964	n/a	29482	151
59.484	n/a	29742	11
60.01	n/a	30005	99
60.824	n/a	30412	150
61.846	n/a	30923	151
62.366	n/a	31183	11
62.786	n/a	31393	99
63.596	n/a	31798	150
64.618	n/a	32309	151
65.138	n/a	32569	13
65.566	n/a	32783	99
66.378	n/a	33189	150
67.4	n/a	33700	151
67.92	n/a	33960	13
68.438	n/a	34219	99
69.25	n/a	34625	150
70.272	n/a	35136	151
70.792	n/a	35396	22
71.246	n/a	35623	88
72.062	n/a	36031	150
73.084	n/a	36542	151
73.604	n/a	36802	13
74.074	n/a	37037	99
74.884	n/a	37442	149
77.906	n/a	38953	150
78.928	n/a	39464	151
79.448	n/a	39724	13
79.958	n/a	39979	88
80.77	n/a	40385	150
81.79	n/a	40895	151
82.31	n/a	41155	11
82.758	n/a	41379	99
83.572	n/a	41786	150
84.592	n/a	42296	151
85.112	n/a	42556	12
85.49	n/a	42745	99
86.304	n/a	43152	150
87.324	n/a	43662	151
87.844	n/a	43922	23
88.402	n/a	44201	88
89.216	n/a	44608	150
90.236	n/a	45118	151
90.756	n/a	45378	22
91.37	n/a	45685	88
92.188	n/a	46094	150
93.208	n/a	46604	151
93.728	n/a	46864	13
94.226	n/a	47113	99
95.04	n/a	47520	150
96.06	n/a	48030	151
96.58	n/a	48290	12
96.958	n/a	48479	99
97.772	n/a	48886	150
98.792	n/a	49396	151
99.312	n/a	49656	23
99.782	n/a	49891	88
100.594	n/a	50297	150
101.614	n/a	50807	151
102.134	n/a	51067	23
102.526	n/a	51263	99
103.336	n/a	51668	150
104.356	n/a	52178	151
104.876	n/a	52438	21
105.462	n/a	52731	88
106.278	n/a	53139	150
107.298	n/a	53649	151
107.818	n/a	53909	12
108.226	n/a	54113	99
109.04	n/a	54520	150
110.06	n/a	55030	151
110.58	n/a	55290	22
111.034	n/a	55517	88
111.842	n/a	55921	149
114.864	n/a	57432	150
115.884	n/a	57942	151
116.404	n/a	58202	23
116.894	n/a	58447	88
117.706	n/a	58853	150
118.726	n/a	59363	151
119.246	n/a	59623	13
119.83	n/a	59915	99
120.638	n/a	60319	150
121.658	n/a	60829	151
122.178	n/a	61089	12
122.654	n/a	61327	99
123.47	n/a	61735	150
124.49	n/a	62245	151
125.01	n/a	62505	21
125.45	n/a	62725	88
126.262	n/a	63131	150
127.282	n/a	63641	151
127.802	n/a	63901	11
128.322	n/a	64161	99
129.134	n/a	64567	150
130.154	n/a	65077	151
130.676	n/a	65338	12
131.15	n/a	65575	99
131.966	n/a	65983	150
132.986	n/a	66493	151
133.508	n/a	66754	13
133.93	n/a	66965	99
134.738	n/a	67369	150
135.758	n/a	67879	151
136.28	n/a	68140	11
136.682	n/a	68341	88
137.49	n/a	68745	150
138.51	n/a	69255	151
139.032	n/a	69516	13
139.57	n/a	69785	99
140.382	n/a	70191	150
141.402	n/a	70701	151
141.924	n/a	70962	23
142.474	n/a	71237	88
143.284	n/a	71642	150
144.304	n/a	72152	151
144.826	n/a	72413	21
145.462	n/a	72731	88
146.276	n/a	73138	150
147.296	n/a	73648	151
147.818	n/a	73909	11
148.274	n/a	74137	99
149.088	n/a	74544	150
150.108	n/a	75054	151
150.63	n/a	75315	13
151.146	n/a	75573	99
151.96	n/a	75980	150
152.982	n/a	76491	151
153.502	n/a	76751	21
153.962	n/a	76981	88
154.772	n/a	77386	149
157.794	n/a	78897	150
158.816	n/a	79408	151
159.336	n/a	79668	12
159.778	n/a	79889	99
160.586	n/a	80293	150
161.608	n/a	80804	151
162.128	n/a	81064	12
162.554	n/a	81277	99
163.368	n/a	81684	150
164.39	n/a	82195	151
164.91	n/a	82455	21
165.41	n/a	82705	88
166.22	n/a	83110	150
167.242	n/a	83621	151
167.762	n/a	83881	12
168.226	n/a	84113	99
169.042	n/a	84521	150
170.064	n/a	85032	151
170.584	n/a	85292	11
171.002	n/a	85501	99
171.814	n/a	85907	150
172.836	n/a	86418	151
173.356	n/a	86678	23
173.838	n/a	86919	88
174.646	n/a	87323	150
175.668	n/a	87834	151
176.188	n/a	88094	23
176.726	n/a	88363	88
177.538	n/a	88769	150
178.56	n/a	89280	151
179.08	n/a	89540	22
179.538	n/a	89769	88
180.35	n/a	90175	150
181.372	n/a	90686	151
181.892	n/a	90946	22
182.382	n/a	91191	88
183.192	n/a	91596	150
184.214	n/a	92107	151
184.734	n/a	92367	21
185.278	n/a	92639	88
186.094	n/a	93047	149
189.118	n/a	94559	150
190.138	n/a	95069	151
190.658	n/a	95329	11
191.11	n/a	95555	99
191.92	n/a	95960	150
192.94	n/a	96470	151
193.46	n/a	96730	12
193.966	n/a	96983	99
194.782	n/a	97391	150
195.802	n/a	97901	151
196.322	n/a	98161	22
196.806	n/a	98403	88
197.624	n/a	98812	150
198.644	n/a	99322	151
199.164	n/a	99582	23
199.638	n/a	99819	88
200.456	n/a	100228	150
201.476	n/a	100738	151
201.996	n/a	100998	13
202.526	n/a	101263	99
203.338	n/a	101669	150
204.358	n/a	102179	151
204.878	n/a	102439	11
205.31	n/a	102655	99
206.12	n/a	103060	150
207.14	n/a	103570	151
207.66	n/a	103830	11
208.102	n/a	104051	99
208.912	n/a	104456	150
209.932	n/a	104966	151
210.452	n/a	105226	22
210.91	n/a	105455	88
211.724	n/a	105862	150
212.744	n/a	106372	151
213.264	n/a	106632	22
213.726	n/a	106863	88
214.536	n/a	107268	150
215.556	n/a	107778	151
216.076	n/a	108038	23
216.582	n/a	108291	88
217.398	n/a	108699	150
218.418	n/a	109209	151
218.938	n/a	109469	22
219.482	n/a	109741	88
220.29	n/a	110145	150
221.31	n/a	110655	151
221.83	n/a	110915	13
222.278	n/a	111139	99
223.092	n/a	111546	149
226.114	n/a	113057	150
227.134	n/a	113567	151
227.654	n/a	113827	13
228.122	n/a	114061	99
228.936	n/a	114468	150
229.956	n/a	114978	151
230.476	n/a	115238	22
230.894	n/a	115447	88
231.708	n/a	115854	150
232.728	n/a	116364	151
233.248	n/a	116624	11
233.874	n/a	116937	99
234.69	n/a	117345	150
235.71	n/a	117855	151
236.232	n/a	118116	21
236.722	n/a	118361	88
237.532	n/a	118766	150
238.552	n/a	119276	151
239.074	n/a	119537	12
239.602	n/a	119801	99
240.414	n/a	120207	150
241.434	n/a	120717	151
241.956	n/a	120978	21
242.318	n/a	121159	88
243.136	n/a	121568	150
244.156	n/a	122078	151
244.678	n/a	122339	23
245.07	n/a	122535	88
245.878	n/a	122939	150
246.898	n/a	123449	151
247.42	n/a	123710	23
247.806	n/a	123903	88
248.62	n/a	124310	150
249.64	n/a	124820	151
250.162	n/a	125081	21
250.526	n/a	125263	88
251.342	n/a	125671	150
252.362	n/a	126181	151
252.882	n/a	126441	23
253.314	n/a	126657	88
254.124	n/a	127062	149
257.146	n/a	128573	150
258.166	n/a	129083	151
258.688	n/a	129344	11
259.258	n/a	129629	99
260.068	n/a	130034	150
261.088	n/a	130544	151
261.61	n/a	130805	23
262.05	n/a	131025	88
262.86	n/a	131430	150
263.88	n/a	131940	151
264.402	n/a	132201	12
264.838	n/a	132419	99
265.652	n/a	132826	150
266.672	n/a	133336	151
267.194	n/a	133597	11
267.65	n/a	133825	99
268.464	n/a	134232	150
269.484	n/a	134742	151
270.006	n/a	135003	13
270.47	n/a	135235	99
271.286	n/a	135643	150
272.306	n/a	136153	151
272.828	n/a	136414	21
273.178	n/a	136589	88
273.988	n/a	136994	150
275.008	n/a	137504	151
275.53	n/a	137765	21
275.886	n/a	137943	99
276.7	n/a	138350	150
277.72	n/a	138860	151
278.242	n/a	139121	22
278.73	n/a	139365	88
279.542	n/a	139771	150
280.562	n/a	140281	151
281.084	n/a	140542	23
281.534	n/a	140767	88
282.344	n/a	141172	150
283.364	n/a	141682	151
283.886	n/a	141943	21
284.342	n/a	142171	88
285.156	n/a	142578	150
286.176	n/a	143088	151
286.698	n/a	143349	21
287.174	n/a	143587	88
287.988	n/a	143994	150
289.008	n/a	144504	151
289.53	n/a	144765	12
290.046	n/a	145023	99
290.86	n/a	145430	150
291.882	n/a	145941	151
292.402	n/a	146201	12
292.814	n/a	146407	99
293.632	n/a	146816	150
294.654	n/a	147327	151
295.174	n/a	147587	13
295.59	n/a	147795	88
296.404	n/a	148202	149
299.426	n/a	149713	150
300.448	n/a	150224	151
300.968	n/a	150484	23
301.346	n/a	150673	88
302.158	n/a	151079	150
303.18	n/a	151590	151
303.7	n/a	151850	11
304.066	n/a	152033	99
304.88	n/a	152440	150
305.902	n/a	152951	151
306.422	n/a	153211	12
306.782	n/a	153391	99
307.592	n/a	153796	150
308.614	n/a	154307	151
309.134	n/a	154567	23
309.51	n/a	154755	99
310.324	n/a	155162	150
311.346	n/a	155673	151
311.866	n/a	155933	11
312.222	n/a	156111	99
313.036	n/a	156518	150
314.058	n/a	157029	151
314.578	n/a	157289	13
315.114	n/a	157557	99
315.928	n/a	157964	150
316.95	n/a	158475	151
317.47	n/a	158735	13
317.91	n/a	158955	99
318.72	n/a	159360	150
319.742	n/a	159871	151
320.262	n/a	160131	11
320.67	n/a	160335	99
321.482	n/a	160741	150
322.504	n/a	161252	151
323.024	n/a	161512	11
323.37	n/a	161685	99
324.184	n/a	162092	150
325.206	n/a	162603	151
325.726	n/a	162863	23
326.202	n/a	163101	88
327.016	n/a	163508	150
328.038	n/a	164019	151
328.558	n/a	164279	22
329.082	n/a	164541	88
329.898	n/a	164949	149
332.92	n/a	166460	150
333.942	n/a	166971	151
334.462	n/a	167231	12
334.89	n/a	167445	99
335.702	n/a	167851	150
336.724	n/a	168362	151
337.244	n/a	168622	13
337.642	n/a	168821	99
338.454	n/a	169227	150
339.476	n/a	169738	151
339.996	n/a	169998	11
340.366	n/a	170183	99
341.176	n/a	170588	150
342.198	n/a	171099	151
342.718	n/a	171359	12
343.106	n/a	171553	99
343.918	n/a	171959	150
344.94	n/a	172470	151
345.46	n/a	172730	22
346.014	n/a	173007	88
346.83	n/a	173415	150
347.852	n/a	173926	151
348.372	n/a	174186	13
348.834	n/a	174417	99
349.642	n/a	174821	150
350.664	n/a	175332	151
351.184	n/a	175592	21
351.646	n/a	175823	88
352.454	n/a	176227	150
353.476	n/a	176738	151
353.996	n/a	176998	22
354.47	n/a	177235	88
355.286	n/a	177643	150
356.308	n/a	178154	151
356.828	n/a	178414	23
357.314	n/a	178657	88
358.128	n/a	179064	150
359.15	n/a	179575	151
359.67	n/a	179835	11
360.138	n/a	180069	99
360.95	n/a	180475	150
361.972	n/a	180986	151
362.492	n/a	181246	13
363.026	n/a	181513	99
363.842	n/a	181921	150
364.864	n/a	182432	151
365.384	n/a	182692	13
366.002	n/a	183001	99
366.814	n/a	183407	150
367.836	n/a	183918	151
368.356	n/a	184178	21
368.75	n/a	184375	88
369.566	n/a	184783	149
372.59	n/a	186295	150
373.61	n/a	186805	151
374.13	n/a	187065	21
374.63	n/a	187315	88
375.442	n/a	187721	150
376.462	n/a	188231	151
376.982	n/a	188491	12
377.498	n/a	188749	99
378.314	n/a	189157	150
379.334	n/a	189667	151
379.854	n/a	189927	22
380.274	n/a	190137	88
381.086	n/a	190543	150
382.106	n/a	191053	151
382.626	n/a	191313	21
383.086	n/a	191543	88
383.898	n/a	191949	150
384.918	n/a	192459	151
385.438	n/a	192719	11
385.79	n/a	192895	99
386.6	n/a	193300	150
387.62	n/a	193810	151
388.14	n/a	194070	23
388.634	n/a	194317	88
389.452	n/a	194726	150
390.472	n/a	195236	151
390.992	n/a	195496	22
391.474	n/a	195737	88
392.284	n/a	196142	150
393.304	n/a	196652	151
393.824	n/a	196912	23
394.434	n/a	197217	88
395.246	n/a	197623	150
396.266	n/a	198133	151
396.786	n/a	198393	23
397.266	n/a	198633	88
398.078	n/a	199039	150
399.098	n/a	199549	151
399.618	n/a	199809	12
400.09	n/a	200045	99
400.9	n/a	200450	150
401.922	n/a	200961	151
402.44	n/a	201220	22
402.858	n/a	201429	88
403.672	n/a	201836	149
406.694	n/a	203347	150
407.714	n/a	203857	151
408.234	n/a	204117	21
408.75	n/a	204375	88
409.566	n/a	204783	150
410.586	n/a	205293	151
411.106	n/a	205553	21
411.534	n/a	205767	99
412.348	n/a	206174	150
413.368	n/a	206684	151
413.888	n/a	206944	12
414.246	n/a	207123	99
415.06	n/a	207530	150
416.08	n/a	208040	151
416.6	n/a	208300	11
417.07	n/a	208535	99
417.882	n/a	208941	248
425.688	n/a	212844	248
427.75	n/a	213875	5
428.16	n/a	214080	150
429.18	n/a	214590	151
429.7	n/a	214850	22
430.114	n/a	215057	99
430.932	n/a	215466	150
431.952	n/a	215976	151
432.472	n/a	216236	11
432.89	n/a	216445	99
433.704	n/a	216852	150
434.724	n/a	217362	151
435.244	n/a	217622	22
435.682	n/a	217841	88
436.496	n/a	218248	150
437.516	n/a	218758	151
438.036	n/a	219018	12
438.394	n/a	219197	99
439.208	n/a	219604	150
440.228	n/a	220114	151
440.748	n/a	220374	23
441.206	n/a	220603	88
442.02	n/a	221010	150
443.04	n/a	221520	151
443.56	n/a	221780	13
444.242	n/a	222121	99
445.052	n/a	222526	150
446.072	n/a	223036	151
446.592	n/a	223296	21
446.998	n/a	223499	88
447.814	n/a	223907	150
448.834	n/a	224417	151
449.354	n/a	224677	21
449.778	n/a	224889	88
450.596	n/a	225298	150
451.616	n/a	225808	151
452.136	n/a	226068	12
452.626	n/a	226313	99
453.438	n/a	226719	149
456.46	n/a	228230	150
457.48	n/a	228740	151
458	n/a	229000	22
458.406	n/a	229203	88
459.222	n/a	229611	150
460.242	n/a	230121	151
460.762	n/a	230381	13
461.202	n/a	230601	99
462.014	n/a	231007	150
463.034	n/a	231517	151
463.554	n/a	231777	23
464.014	n/a	232007	88
464.826	n/a	232413	150
465.846	n/a	232923	151
466.366	n/a	233183	22
466.838	n/a	233419	88
467.648	n/a	233824	150
468.668	n/a	234334	151
469.188	n/a	234594	23
469.618	n/a	234809	88
470.43	n/a	235215	150
471.45	n/a	235725	151
471.97	n/a	235985	13
472.482	n/a	236241	99
473.292	n/a	236646	150
474.312	n/a	237156	151
474.832	n/a	237416	11
475.314	n/a	237657	99
476.124	n/a	238062	150
477.144	n/a	238572	151
477.664	n/a	238832	21
478.026	n/a	239013	88
478.836	n/a	239418	150
479.856	n/a	239928	151
480.376	n/a	240188	22
480.778	n/a	240389	88
481.588	n/a	240794	150
482.608	n/a	241304	151
483.128	n/a	241564	13
483.586	n/a	241793	99
484.4	n/a	242200	150
485.42	n/a	242710	151
485.94	n/a	242970	13
486.394	n/a	243197	99
487.202	n/a	243601	150
488.222	n/a	244111	151
488.742	n/a	244371	21
489.158	n/a	244579	88
489.974	n/a	244987	149
492.996	n/a	246498	150
494.016	n/a	247008	151
494.536	n/a	247268	11
495.022	n/a	247511	99
495.838	n/a	247919	150
496.858	n/a	248429	151
497.378	n/a	248689	22
497.794	n/a	248897	88
498.61	n/a	249305	150
499.63	n/a	249815	151
500.15	n/a	250075	23
500.61	n/a	250305	88
501.422	n/a	250711	150
502.442	n/a	251221	151
502.964	n/a	251482	13
503.342	n/a	251671	99
504.154	n/a	252077	150
505.174	n/a	252587	151
505.694	n/a	252847	21
506.062	n/a	253031	99
506.876	n/a	253438	150
507.896	n/a	253948	151
508.418	n/a	254209	22
508.822	n/a	254411	88
509.638	n/a	254819	150
510.658	n/a	255329	151
511.178	n/a	255589	22
511.582	n/a	255791	99
512.39	n/a	256195	150
513.41	n/a	256705	151
513.93	n/a	256965	11
514.458	n/a	257229	99
515.272	n/a	257636	150
516.292	n/a	258146	151
516.812	n/a	258406	12
517.374	n/a	258687	99
518.184	n/a	259092	150
519.204	n/a	259602	151
519.726	n/a	259863	13
520.218	n/a	260109	88
521.026	n/a	260513	150
522.046	n/a	261023	151
522.568	n/a	261284	23
523.122	n/a	261561	88
523.938	n/a	261969	150
524.958	n/a	262479	151
525.48	n/a	262740	12
525.954	n/a	262977	99
526.77	n/a	263385	149
529.792	n/a	264896	150
530.814	n/a	265407	151
531.334	n/a	265667	11
531.934	n/a	265967	99
532.744	n/a	266372	150
533.766	n/a	266883	151
534.286	n/a	267143	23
535.026	n/a	267513	88
535.836	n/a	267918	150
536.858	n/a	268429	151
537.378	n/a	268689	22
537.99	n/a	268995	88
538.798	n/a	269399	150
539.82	n/a	269910	151
540.34	n/a	270170	23
540.746	n/a	270373	88
541.56	n/a	270780	150
542.582	n/a	271291	151
543.102	n/a	271551	21
543.59	n/a	271795	88
544.402	n/a	272201	150
545.424	n/a	272712	151
545.944	n/a	272972	12
546.39	n/a	273195	88
547.204	n/a	273602	150
548.226	n/a	274113	151
548.746	n/a	274373	12
549.234	n/a	274617	99
550.046	n/a	275023	150
551.068	n/a	275534	151
551.588	n/a	275794	21
552.042	n/a	276021	88
552.858	n/a	276429	150
553.88	n/a	276940	151
554.4	n/a	277200	11
554.898	n/a	277449	99
555.712	n/a	277856	150
556.732	n/a	278366	151
557.252	n/a	278626	13
557.69	n/a	278845	99
558.502	n/a	279251	149
561.526	n/a	280763	150
562.546	n/a	281273	151
563.066	n/a	281533	12
563.458	n/a	281729	99
564.268	n/a	282134	150
565.288	n/a	282644	151
565.808	n/a	282904	23
566.242	n/a	283121	88
567.06	n/a	283530	150
568.08	n/a	284040	151
568.6	n/a	284300	11
569.038	n/a	284519	99
569.852	n/a	284926	150
570.872	n/a	285436	151
571.394	n/a	285697	22
571.886	n/a	285943	88
572.704	n/a	286352	150
573.724	n/a	286862	151
574.244	n/a	287122	12
574.67	n/a	287335	99
575.486	n/a	287743	150
576.506	n/a	288253	151
577.026	n/a	288513	11
577.514	n/a	288757	99
578.328	n/a	289164	150
579.348	n/a	289674	151
579.868	n/a	289934	22
580.338	n/a	290169	88
581.15	n/a	290575	150
582.17	n/a	291085	151
582.69	n/a	291345	12
583.13	n/a	291565	99
583.942	n/a	291971	150
584.962	n/a	292481	151
585.482	n/a	292741	21
585.91	n/a	292955	88
586.724	n/a	293362	150
587.744	n/a	293872	151
588.264	n/a	294132	22
588.822	n/a	294411	88
589.636	n/a	294818	149
592.658	n/a	296329	150
593.678	n/a	296839	151
594.198	n/a	297099	12
594.658	n/a	297329	99
595.47	n/a	297735	150
596.49	n/a	298245	151
597.01	n/a	298505	23
597.562	n/a	298781	88
598.372	n/a	299186	150
599.392	n/a	299696	151
599.912	n/a	299956	13
600.394	n/a	300197	99
601.204	n/a	300602	150
602.224	n/a	301112	151
602.744	n/a	301372	22
603.186	n/a	301593	88
603.996	n/a	301998	150
605.016	n/a	302508	151
605.536	n/a	302768	21
606.002	n/a	303001	88
606.818	n/a	303409	150
607.838	n/a	303919	151
608.358	n/a	304179	23
608.774	n/a	304387	88
609.59	n/a	304795	150
610.61	n/a	305305	151
611.13	n/a	305565	13
611.594	n/a	305797	99
612.402	n/a	306201	150
613.422	n/a	306711	151
613.942	n/a	306971	22
614.322	n/a	307161	88
615.134	n/a	307567	150
616.154	n/a	308077	151
616.674	n/a	308337	21
617.082	n/a	308541	88
617.896	n/a	308948	150
618.916	n/a	309458	151
619.436	n/a	309718	13
619.81	n/a	309905	99
620.628	n/a	310314	149
623.65	n/a	311825	150
624.67	n/a	312335	151
625.192	n/a	312596	12
625.646	n/a	312823	99
626.462	n/a	313231	150
627.482	n/a	313741	151
628.004	n/a	314002	13
628.462	n/a	314231	99
629.274	n/a	314637	150
630.294	n/a	315147	151
630.816	n/a	315408	23
631.194	n/a	315597	88
632.006	n/a	316003	150
633.026	n/a	316513	151
633.548	n/a	316774	22
633.998	n/a	316999	88
634.808	n/a	317404	150
635.828	n/a	317914	151
636.35	n/a	318175	22
636.894	n/a	318447	99
637.71	n/a	318855	150
638.73	n/a	319365	151
639.252	n/a	319626	21
639.846	n/a	319923	88
640.662	n/a	320331	150
641.682	n/a	320841	151
642.204	n/a	321102	23
642.61	n/a	321305	88
643.424	n/a	321712	150
644.444	n/a	322222	151
644.966	n/a	322483	22
645.47	n/a	322735	88
646.286	n/a	323143	150
647.306	n/a	323653	151
647.828	n/a	323914	11
648.334	n/a	324167	99
649.148	n/a	324574	150
650.17	n/a	325085	151
650.69	n/a	325345	13
651.142	n/a	325571	99
651.95	n/a	325975	150
652.972	n/a	326486	151
653.492	n/a	326746	22
653.886	n/a	326943	88
654.702	n/a	327351	150
655.724	n/a	327862	151
656.244	n/a	328122	13
656.73	n/a	328365	99
657.544	n/a	328772	150
658.566	n/a	329283	151
659.086	n/a	329543	11
659.622	n/a	329811	99
660.436	n/a	330218	149
663.458	n/a	331729	150
664.48	n/a	332240	151
665	n/a	332500	21
665.482	n/a	332741	88
666.29	n/a	333145	150
667.312	n/a	333656	151
667.832	n/a	333916	22
668.254	n/a	334127	88
669.062	n/a	334531	150
670.084	n/a	335042	151
670.604	n/a	335302	11
670.986	n/a	335493	88
671.794	n/a	335897	150
672.816	n/a	336408	151
673.336	n/a	336668	12
673.902	n/a	336951	99
674.716	n/a	337358	150
675.738	n/a	337869	151
676.258	n/a	338129	13
676.818	n/a	338409	99
677.628	n/a	338814	150
678.65	n/a	339325	151
679.17	n/a	339585	12
679.61	n/a	339805	99
680.42	n/a	340210	150
681.442	n/a	340721	151
681.962	n/a	340981	22
682.726	n/a	341363	88
683.544	n/a	341772	150
684.564	n/a	342282	151
685.084	n/a	342542	11
685.59	n/a	342795	99
686.406	n/a	343203	150
687.426	n/a	343713	151
687.946	n/a	343973	13
688.742	n/a	344371	99
689.558	n/a	344779	150
690.578	n/a	345289	151
691.098	n/a	345549	23
691.626	n/a	345813	88
692.44	n/a	346220	150
693.46	n/a	346730	151
693.98	n/a	346990	11
694.482	n/a	347241	99
695.292	n/a	347646	149
698.314	n/a	349157	150
699.334	n/a	349667	151
699.854	n/a	349927	21
700.23	n/a	350115	88
701.046	n/a	350523	150
702.066	n/a	351033	151
702.586	n/a	351293	23
703.054	n/a	351527	88
703.868	n/a	351934	150
704.888	n/a	352444	151
705.408	n/a	352704	21
705.81	n/a	352905	88
706.62	n/a	353310	150
707.64	n/a	353820	151
708.16	n/a	354080	11
708.646	n/a	354323	99
709.462	n/a	354731	150
710.482	n/a	355241	151
711.002	n/a	355501	23
711.402	n/a	355701	88
712.214	n/a	356107	150
713.234	n/a	356617	151
713.754	n/a	356877	12
714.218	n/a	357109	99
715.026	n/a	357513	150
716.046	n/a	358023	151
716.566	n/a	358283	11
717.062	n/a	358531	99
717.878	n/a	358939	150
718.898	n/a	359449	151
719.418	n/a	359709	13
719.902	n/a	359951	99
720.71	n/a	360355	150
721.73	n/a	360865	151
722.25	n/a	361125	22
722.89	n/a	361445	88
723.702	n/a	361851	150
724.722	n/a	362361	151
725.244	n/a	362622	21
725.81	n/a	362905	88
726.624	n/a	363312	150
727.644	n/a	363822	151
728.166	n/a	364083	12
728.69	n/a	364345	99
729.506	n/a	364753	150
730.526	n/a	365263	151
731.048	n/a	365524	13
731.53	n/a	365765	99
732.348	n/a	366174	149
735.37	n/a	367685	150
736.392	n/a	368196	151
736.912	n/a	368456	23
737.306	n/a	368653	88
738.122	n/a	369061	150
739.144	n/a	369572	151
739.664	n/a	369832	12
740.102	n/a	370051	99
740.914	n/a	370457	150
741.936	n/a	370968	151
742.456	n/a	371228	22
742.83	n/a	371415	88
743.646	n/a	371823	150
744.668	n/a	372334	151
745.188	n/a	372594	11
745.786	n/a	372893	99
746.598	n/a	373299	150
747.62	n/a	373810	151
748.14	n/a	374070	13
748.602	n/a	374301	99
749.42	n/a	374710	150
750.442	n/a	375221	151
750.962	n/a	375481	12
751.43	n/a	375715	99
752.242	n/a	376121	150
753.264	n/a	376632	151
753.784	n/a	376892	13
754.21	n/a	377105	99
755.024	n/a	377512	150
756.046	n/a	378023	151
756.566	n/a	378283	11
756.998	n/a	378499	99
757.816	n/a	378908	150
758.838	n/a	379419	151
759.358	n/a	379679	21
759.862	n/a	379931	88
760.678	n/a	380339	150
761.7	n/a	380850	151
762.22	n/a	381110	22
762.662	n/a	381331	88
763.47	n/a	381735	150
764.492	n/a	382246	151
765.012	n/a	382506	12
765.518	n/a	382759	99
766.332	n/a	383166	150
767.354	n/a	383677	151
767.874	n/a	383937	23
768.31	n/a	384155	88
769.124	n/a	384562	150
770.146	n/a	385073	151
770.666	n/a	385333	22
771.17	n/a	385585	88
771.986	n/a	385993	150
773.008	n/a	386504	151
773.528	n/a	386764	21
773.946	n/a	386973	88
774.758	n/a	387379	149
777.78	n/a	388890	150
778.802	n/a	389401	151
779.322	n/a	389661	21
779.814	n/a	389907	88
780.622	n/a	390311	150
781.644	n/a	390822	151
782.164	n/a	391082	23
782.654	n/a	391327	88
783.464	n/a	391732	150
784.486	n/a	392243	151
785.006	n/a	392503	11
785.39	n/a	392695	99
786.206	n/a	393103	150
787.228	n/a	393614	151
787.748	n/a	393874	23
788.226	n/a	394113	88
789.04	n/a	394520	150
790.06	n/a	395030	151
790.58	n/a	395290	11
791.038	n/a	395519	99
791.85	n/a	395925	150
792.872	n/a	396436	151
793.392	n/a	396696	12
793.782	n/a	396891	99
794.592	n/a	397296	150
795.614	n/a	397807	151
796.134	n/a	398067	23
796.582	n/a	398291	88
797.396	n/a	398698	150
798.416	n/a	399208	151
798.936	n/a	399468	23
799.43	n/a	399715	88
800.248	n/a	400124	150
801.268	n/a	400634	151
801.788	n/a	400894	11
802.154	n/a	401077	99
802.97	n/a	401485	150
803.99	n/a	401995	151
804.51	n/a	402255	11
804.862	n/a	402431	88
805.67	n/a	402835	150
806.692	n/a	403346	151
807.212	n/a	403606	23
807.57	n/a	403785	88
808.384	n/a	404192	150
809.404	n/a	404702	151
809.924	n/a	404962	13
810.418	n/a	405209	99
811.234	n/a	405617	150
812.256	n/a	406128	151
812.776	n/a	406388	21
813.218	n/a	406609	88
814.028	n/a	407014	150
815.048	n/a	407524	151
815.568	n/a	407784	13
816.034	n/a	408017	99
816.85	n/a	408425	149
819.872	n/a	409936	150
820.892	n/a	410446	151
821.412	n/a	410706	12
821.794	n/a	410897	99
822.604	n/a	411302	150
823.624	n/a	411812	151
824.144	n/a	412072	12
824.606	n/a	412303	99
825.416	n/a	412708	150
826.436	n/a	413218	151
826.956	n/a	413478	13
827.418	n/a	413709	99
828.228	n/a	414114	150
829.248	n/a	414624	151
829.768	n/a	414884	21
830.214	n/a	415107	88
831.03	n/a	415515	150
832.05	n/a	416025	151
832.57	n/a	416285	12
833.134	n/a	416567	99
833.952	n/a	416976	150
834.972	n/a	417486	151
835.492	n/a	417746	21
835.862	n/a	417931	88
836.674	n/a	418337	150
837.694	n/a	418847	151
838.214	n/a	419107	23
838.634	n/a	419317	88
839.446	n/a	419723	150
840.466	n/a	420233	151
840.986	n/a	420493	11
841.51	n/a	420755	99
842.328	n/a	421164	150
843.348	n/a	421674	151
843.868	n/a	421934	21
844.258	n/a	422129	88
845.07	n/a	422535	248
847.17	n/a	423585	248
854.686	n/a	427343	248
